"doi","altmetric","author_no"
"10.1177/20563051251315265",1,3
"10.1177/20563051251316117",NA,2
"10.1177/20563051251313662",4,1
"10.1177/20563051251315255",1,3
"10.1177/20563051251316119",1,2
"10.1177/20563051251314611",14,7
"10.1177/20563051251313847",3,4
"10.1177/20563051241306421",52,4
"10.1177/20563051251313855",2,4
"10.1177/20563051251313844",1,2
"10.1177/20563051251313661",2,2
"10.1177/20563051251313665",3,2
"10.1177/20563051251313610",NA,1
"10.1177/20563051241309497",NA,2
"10.1177/20563051241311962",1,1
"10.1177/20563051241308323",15,1
"10.1177/20563051241301203",NA,2
"10.1177/20563051241309499",2,2
"10.1177/20563051241308330",1,1
"10.1177/20563051241306382",11,3
"10.1177/20563051241308326",1,3
"10.1177/20563051241308597",1,2
"10.1177/20563051241308321",2,2
"10.1177/20563051241306540",2,3
"10.1177/20563051241306331",NA,4
"10.1177/20563051241306323",1,4
"10.1177/20563051241306322",NA,3
"10.1177/20563051241302154",NA,2
"10.1177/20563051241306833",6,3
"10.1177/20563051241306318",NA,2
"10.1177/20563051241304493",9,1
"10.1177/20563051241303362",1,3
"10.1177/20563051241299835",5,2
"10.1177/20563051241303363",2,2
"10.1177/20563051241301202",3,1
"10.1177/20563051241299829",NA,2
"10.1177/20563051241302153",1,2
"10.1177/20563051241301265",3,2
"10.1177/20563051241296256",5,1
"10.1177/20563051241301841",NA,4
"10.1177/20563051241301200",19,2
"10.1177/20563051241286702",NA,5
"10.1177/20563051241298449",NA,3
"10.1177/20563051241298415",NA,2
"10.1177/20563051241302145",1,7
"10.1177/20563051241298446",NA,3
"10.1177/20563051241293623",NA,6
"10.1177/20563051241298042",NA,6
"10.1177/20563051241296229",3,1
"10.1177/20563051241295800",17,1
"10.1177/20563051241293484",4,3
"10.1177/20563051241292990",2,1
"10.1177/20563051241292578",NA,5
"10.1177/20563051241292577",NA,1
"10.1177/20563051241292571",11,3
"10.1177/20563051241290848",3,1
"10.1177/20563051241290845",4,5
"10.1177/20563051241290334",9,2
"10.1177/20563051241288809",NA,2
"10.1177/20563051241288448",NA,4
"10.1177/20563051241290113",9,2
"10.1177/20563051241288942",6,3
"10.1177/20563051241288960",4,2
"10.1177/20563051241287284",NA,3
"10.1177/20563051241286850",NA,1
"10.1177/20563051241286700",1,1
"10.1177/20563051241279552",NA,3
"10.1177/20563051241285774",1,3
"10.1177/20563051241279549",NA,5
"10.1177/20563051241285777",NA,1
"10.1177/20563051241279255",4,2
"10.1177/20563051241279253",1,4
"10.1177/20563051241283426",1,3
"10.1177/20563051241283301",5,2
"10.1177/20563051241279258",1,2
"10.1177/20563051241277607",NA,5
"10.1177/20563051241274658",9,1
"10.1177/20563051241269305",2,2
"10.1177/20563051241277606",8,4
"10.1177/20563051241277603",7,2
"10.1177/20563051241274669",10,2
"10.1177/20563051241279248",14,1
"10.1177/20563051241277601",20,1
"10.1177/20563051241277293",NA,3
"10.1177/20563051241274688",NA,1
"10.1177/20563051241277313",NA,2
"10.1177/20563051241269283",NA,2
"10.1177/20563051241274665",24,1
"10.1177/20563051241274680",1,1
"10.1177/20563051241274677",10,3
"10.1177/20563051241274676",NA,3
"10.1177/20563051241274672",NA,3
"10.1177/20563051241269281",35,2
"10.1177/20563051241274657",NA,2
"10.1177/20563051241274673",1,2
"10.1177/20563051241274667",NA,1
"10.1177/20563051241274668",33,7
"10.1177/20563051241274675",NA,6
"10.1177/20563051241269291",1,1
"10.1177/20563051241269326",NA,2
"10.1177/20563051241269306",NA,1
"10.1177/20563051241269299",NA,2
"10.1177/20563051241269296",NA,6
"10.1177/20563051241269288",2,3
"10.1177/20563051241269278",6,2
"10.1177/20563051241269269",19,4
"10.1177/20563051241269266",NA,3
"10.1177/20563051241269260",11,1
"10.1177/20563051241265863",2,2
"10.1177/20563051241269318",9,2
"10.1177/20563051241269307",NA,1
"10.1177/20563051241265865",3,2
"10.1177/20563051241263562",1,5
"10.1177/20563051241261290",NA,3
"10.1177/20563051241261277",5,2
"10.1177/20563051241257953",52,2
"10.1177/20563051241254369",4,3
"10.1177/20563051241254381",NA,3
"10.1177/20563051241254379",7,2
"10.1177/20563051241254373",NA,3
"10.1177/20563051241254371",NA,2
"10.1177/20563051241247749",NA,1
"10.1177/20563051241247924",NA,3
"10.1177/20563051241242788",NA,3
"10.1177/20563051241248591",23,3
"10.1177/20563051241245668",1,2
"10.1177/20563051241245666",NA,4
"10.1177/20563051241242797",12,1
"10.1177/20563051241244674",26,3
"10.1177/20563051241239295",1,4
"10.1177/20563051241245950",NA,4
"10.1177/20563051241245401",5,4
"10.1177/20563051241242799",1,6
"10.1177/20563051241239282",NA,1
"10.1177/20563051241237782",NA,2
"10.1177/20563051241237273",14,4
"10.1177/20563051241237271",NA,4
"10.1177/20563051241234691",NA,6
"10.1177/20563051241234689",NA,1
"10.1177/20563051241228584",1,3
"10.1177/20563051241232907",2,3
"10.1177/20563051241229659",2,2
"10.1177/20563051241234693",32,2
"10.1177/20563051241228811",131,4
"10.1177/20563051241229655",90,4
"10.1177/20563051241232662",129,1
"10.1177/20563051241228601",NA,4
"10.1177/20563051241228603",12,2
"10.1177/20563051241229656",NA,3
"10.1177/20563051241229657",5,5
"10.1177/20563051241228595",10,3
"10.1177/20563051231224114",5,1
"10.1177/20563051231224729",73,2
"10.1177/20563051231224735",10,2
"10.1177/20563051231224732",NA,1
"10.1177/20563051231224721",9,2
"10.1177/20563051231224713",34,2
"10.1177/20563051231224402",NA,2
"10.1177/20563051231224274",1,1
"10.1177/20563051231224272",NA,1
"10.1177/20563051231224270",1,2
"10.1177/20563051231224269",NA,2
"10.1177/20563051231224268",4,6
"10.1177/20563051231224271",1,3
"10.1177/20563051231224730",9,3
"10.1177/20563051231224723",82,2
"10.1177/20563051231224719",20,1
"10.1177/20563051231224264",20,1
"10.1177/20563051231224404",NA,2
"10.1177/20563051231224401",13,1
"10.1177/20563051231222240",6,3
"10.1177/20563051231220329",1,2
"10.1177/20563051231220328",2,3
"10.1177/20563051231216960",4,1
"10.1177/20563051231216964",2,5
"10.1177/20563051231220330",23,3
"10.1177/20563051231216959",26,1
"10.1177/20563051231216947",NA,5
"10.1177/20563051231216931",20,9
"10.1177/20563051231216927",NA,5
"10.1177/20563051231205592",2,6
"10.1177/20563051231216965",1,4
"10.1177/20563051231214807",6,3
"10.1177/20563051231216922",1,1
"10.1177/20563051231213560",NA,2
"10.1177/20563051231211881",9,2
"10.1177/20563051231211858",NA,2
"10.1177/20563051231213565",28,2
"10.1177/20563051231213542",NA,1
"10.1177/20563051231211945",5,2
"10.1177/20563051231211941",NA,3
"10.1177/20563051231207859",9,5
"10.1177/20563051231207853",NA,2
"10.1177/20563051231207850",128,2
"10.1177/20563051231207857",12,3
"10.1177/20563051231207852",4,3
"10.1177/20563051231207851",18,2
"10.1177/20563051231207848",NA,3
"10.1177/20563051231207847",63,3
"10.1177/20563051231205594",1,2
"10.1177/20563051231203682",1,3
"10.1177/20563051231203675",NA,2
"10.1177/20563051231205598",1,4
"10.1177/20563051231203691",1,1
"10.1177/20563051231203680",NA,2
"10.1177/20563051231205596",NA,3
"10.1177/20563051231205588",37,2
"10.1177/20563051231199452",NA,4
"10.1177/20563051231196876",189,4
"10.1177/20563051231196870",1,2
"10.1177/20563051231199457",7,3
"10.1177/20563051231196880",NA,5
"10.1177/20563051231196871",NA,1
"10.1177/20563051231199430",NA,2
"10.1177/20563051231196538",6,6
"10.1177/20563051231196899",1,2
"10.1177/20563051231196881",NA,1
"10.1177/20563051231196879",NA,3
"10.1177/20563051231196868",NA,2
"10.1177/20563051231196874",1,1
"10.1177/20563051231196898",82,2
"10.1177/20563051231196878",2,3
"10.1177/20563051231196554",5,3
"10.1177/20563051231196897",2,1
"10.1177/20563051231196866",6,4
"10.1177/20563051231196561",NA,4
"10.1177/20563051231196882",7,1
"10.1177/20563051231196864",158,2
"10.1177/20563051231196692",5,5
"10.1177/20563051231196544",1,6
"10.1177/20563051231195552",7,2
"10.1177/20563051231195548",2,2
"10.1177/20563051231194584",38,4
"10.1177/20563051231194576",19,7
"10.1177/20563051231195582",8,2
"10.1177/20563051231195545",NA,1
"10.1177/20563051231194586",147,3
"10.1177/20563051231193027",12,1
"10.1177/20563051231192033",17,1
"10.1177/20563051231195553",NA,3
"10.1177/20563051231195549",6,1
"10.1177/20563051231195547",NA,2
"10.1177/20563051231195544",1,1
"10.1177/20563051231193739",NA,2
"10.1177/20563051231192972",5,2
"10.1177/20563051231193304",19,1
"10.1177/20563051231192963",23,3
"10.1177/20563051231195542",16,1
"10.1177/20563051231195546",3,2
"10.1177/20563051231192034",NA,1
"10.1177/20563051231194580",NA,1
"10.1177/20563051231193025",NA,3
"10.1177/20563051231192032",430,4
"10.1177/20563051231192021",7,1
"10.1177/20563051231186365",34,2
"10.1177/20563051231190002",1,1
"10.1177/20563051231186368",NA,3
"10.1177/20563051231190037",NA,2
"10.1177/20563051231186862",28,5
"10.1177/20563051231186561",NA,2
"10.1177/20563051231186372",9,2
"10.1177/20563051231186364",63,2
"10.1177/20563051231186109",2,1
"10.1177/20563051231186353",277,1
"10.1177/20563051231186343",39,1
"10.1177/20563051231177953",NA,2
"10.1177/20563051231177964",1,1
"10.1177/20563051231166443",2,2
"10.1177/20563051231183430",4,1
"10.1177/20563051231180625",6,1
"10.1177/20563051231180628",72,4
"10.1177/20563051231180623",11,2
"10.1177/20563051231179694",228,2
"10.1177/20563051231182359",82,1
"10.1177/20563051231179705",1,1
"10.1177/20563051231181099",1,2
"10.1177/20563051231180638",7,3
"10.1177/20563051231177962",2,3
"10.1177/20563051231177970",1,3
"10.1177/20563051231177920",82,1
"10.1177/20563051231177916",2,2
"10.1177/20563051231179697",1,3
"10.1177/20563051231179689",1,3
"10.1177/20563051231177899",39,5
"10.1177/20563051231177946",NA,2
"10.1177/20563051231177944",16,3
"10.1177/20563051231177936",NA,2
"10.1177/20563051231177921",15,1
"10.1177/20563051231177915",20,4
"10.1177/20563051231177913",1,1
"10.1177/20563051231177910",4,1
"10.1177/20563051231177907",8,1
"10.1177/20563051231177906",9,1
"10.1177/20563051231177943",230,3
"10.1177/20563051231177941",2,1
"10.1177/20563051231177938",81,3
"10.1177/20563051231177934",NA,2
"10.1177/20563051231177930",68,2
"10.1177/20563051231177904",NA,2
"10.1177/20563051231177897",3,1
"10.1177/20563051231179696",41,1
"10.1177/20563051231177952",NA,3
"10.1177/20563051231177959",NA,2
"10.1177/20563051231177951",NA,1
"10.1177/20563051231175624",NA,1
"10.1177/20563051231167335",NA,2
"10.1177/20563051231168370",3,3
"10.1177/20563051231170606",NA,1
"10.1177/20563051231168376",3,1
"10.1177/20563051231171638",3,1
"10.1177/20563051231170816",4,1
"10.1177/20563051231167336",5,1
"10.1177/20563051231168647",6,1
"10.1177/20563051231166446",23,1
"10.1177/20563051231161298",1,2
"10.1177/20563051231158823",NA,2
"10.1177/20563051231164310",NA,4
"10.1177/20563051231161296",4,2
"10.1177/20563051231163327",23,6
"10.1177/20563051231160632",32,6
"10.1177/20563051231158825",2,2
"10.1177/20563051231158824",6,1
"10.1177/20563051231158822",2,2
"10.1177/20563051231157290",1,3
"10.1177/20563051231157607",48,2
"10.1177/20563051231157300",26,2
"10.1177/20563051231155103",66,2
"10.1177/20563051231157291",NA,2
"10.1177/20563051231156401",20,3
"10.1177/20563051231157609",11,1
"10.1177/20563051231157604",64,1
"10.1177/20563051231157598",20,2
"10.1177/20563051231157595",45,2
"10.1177/20563051231157590",17,2
"10.1177/20563051231157452",56,2
"10.1177/20563051231157299",9,2
"10.1177/20563051231157297",1,3
"10.1177/20563051231156365",NA,4
"10.1177/20563051231156363",2,3
"10.1177/20563051231155113",1,4
"10.1177/20563051231155101",37,4
"10.1177/20563051231152812",NA,2
"10.1177/20563051231157603",112,3
"10.1177/20563051231157594",NA,1
"10.1177/20563051231155111",1,1
"10.1177/20563051221150406",31,2
"10.1177/20563051231155106",17,2
"10.1177/20563051221150418",2,3
"10.1177/20563051221150410",11,2
"10.1177/20563051221150403",18,4
"10.1177/20563051221147332",NA,2
"10.1177/20563051221150412",620,3
"10.1177/20563051221147325",15,7
"10.1177/20563051221150420",22,4
"10.1177/20563051221150407",8,5
"10.1177/20563051221150409",NA,2
"10.1177/20563051221150414",1,3
"10.1177/20563051221150404",3,4
"10.1177/20563051221147324",1,4
"10.1177/20563051221146489",1,3
"10.1177/20563051221148977",NA,3
"10.1177/20563051221146176",4,1
"10.1177/20563051221147328",64,2
"10.1177/20563051221146185",6,3
"10.1177/20563051221146182",10,2
"10.1177/20563051221144252",9,3
"10.1177/20563051221130447",19,3
"10.1177/20563051221144317",38,2
"10.1177/20563051221144315",67,3
"10.1177/20563051221144322",NA,2
"10.1177/20563051221138757",NA,3
"10.1177/20563051221141857",1,4
"10.1177/20563051221141851",NA,8
"10.1177/20563051221138760",2,1
"10.1177/20563051221138756",8,3
"10.1177/20563051221140998",5,1
"10.1177/20563051221138939",9,3
"10.1177/20563051221138762",5,1
"10.1177/20563051221138754",NA,2
"10.1177/20563051221138753",23,3
"10.1177/20563051221138758",17,4
"10.1177/20563051221137738",5,2
"10.1177/20563051221137088",1,3
"10.1177/20563051221130292",2,2
"10.1177/20563051221136111",NA,2
"10.1177/20563051221136114",1,4
"10.1177/20563051221129151",3,2
"10.1177/20563051221130282",27,1
"10.1177/20563051221129187",NA,3
"10.1177/20563051221129156",26,2
"10.1177/20563051221129147",5,3
"10.1177/20563051221129140",12,2
"10.1177/20563051221126051",89,3
"10.1177/20563051221126085",NA,8
"10.1177/20563051221126076",4,6
"10.1177/20563051221126040",45,2
"10.1177/20563051221126053",NA,2
"10.1177/20563051221126041",27,2
"10.1177/20563051221123038",11,1
"10.1177/20563051221122792",22,4
"10.1177/20563051221122464",11,2
"10.1177/20563051221122463",5,6
"10.1177/20563051221123032",NA,4
"10.1177/20563051221123031",NA,3
"10.1177/20563051221122441",NA,2
"10.1177/20563051221122448",121,2
"10.1177/20563051221117570",98,1
"10.1177/20563051221119475",NA,5
"10.1177/20563051221116346",25,3
"10.1177/20563051221117576",7,1
"10.1177/20563051221117568",NA,2
"10.1177/20563051221118378",8,2
"10.1177/20563051221117552",164,1
"10.1177/20563051221107633",NA,4
"10.1177/20563051221116339",NA,3
"10.1177/20563051221117564",NA,2
"10.1177/20563051221116846",9,1
"10.1177/20563051221115211",NA,4
"10.1177/20563051221116847",5,6
"10.1177/20563051221114827",15,3
"10.1177/20563051221113068",160,6
"10.1177/20563051221114463",NA,1
"10.1177/20563051221114430",4,2
"10.1177/20563051221114391",2,3
"10.1177/20563051221108076",1,1
"10.1177/20563051221113076",1,1
"10.1177/20563051221113075",4,2
"10.1177/20563051221113070",NA,1
"10.1177/20563051221104749",NA,3
"10.1177/20563051221104232",NA,3
"10.1177/20563051221098697",12,3
"10.1177/20563051221109189",NA,1
"10.1177/20563051221107644",5,1
"10.1177/20563051221107642",1,1
"10.1177/20563051221107634",9,1
"10.1177/20563051221107635",5,1
"10.1177/20563051221107632",1,1
"10.1177/20563051221107631",131,1
"10.1177/20563051221107629",28,2
"10.1177/20563051221108410",11,2
"10.1177/20563051221107650",NA,3
"10.1177/20563051221107641",9,2
"10.1177/20563051221108409",NA,2
"10.1177/20563051221098347",24,1
"10.1177/20563051221103843",5,1
"10.1177/20563051221103841",5,2
"10.1177/20563051221098342",NA,2
"10.1177/20563051221098343",132,3
"10.1177/20563051221096817",1,2
"10.1177/20563051221086228",40,4
"10.1177/20563051221094768",NA,2
"10.1177/20563051221095444",NA,2
"10.1177/20563051221094773",24,4
"10.1177/20563051221094769",NA,1
"10.1177/20563051221095100",4,3
"10.1177/20563051221094775",1,2
"10.1177/20563051221089568",7,3
"10.1177/20563051221091545",3,3
"10.1177/20563051221089561",3,3
"10.1177/20563051221084950",NA,3
"10.1177/20563051221087390",NA,6
"10.1177/20563051221087623",12,2
"10.1177/20563051221086933",2,2
"10.1177/20563051221084958",7,3
"10.1177/20563051221084297",NA,5
"10.1177/20563051221086234",1,4
"10.1177/20563051221086233",2,6
"10.1177/20563051221087255",5,2
"10.1177/20563051221086235",26,3
"10.1177/20563051221086241",193,2
"10.1177/20563051221086229",3,4
"10.1177/20563051221086236",NA,1
"10.1177/20563051221077675",NA,3
"10.1177/20563051221077019",8,3
"10.1177/20563051221080475",5,4
"10.1177/20563051221077022",NA,2
"10.1177/20563051221077217",24,4
"10.1177/20563051221077032",1,3
"10.1177/20563051221080473",27,1
"10.1177/20563051221078224",23,2
"10.1177/20563051221077308",28,3
"10.1177/20563051221077024",NA,5
"10.1177/20563051221077025",4,1
"10.1177/20563051221077020",4,1
"10.1177/20563051221077014",10,1
"10.1177/20563051221077027",3,4
"10.1177/20563051221077021",33,2
"10.1177/20563051221077016",NA,2
"10.1177/20563051221077030",14,2
"10.1177/20563051211069053",8,3
"10.1177/20563051211069055",36,4
"10.1177/20563051211069056",5,3
"10.1177/20563051211069125",11,2
"10.1177/20563051211063461",6,2
"10.1177/20563051211069054",NA,3
"10.1177/20563051211069051",21,1
"10.1177/20563051211069048",12,3
"10.1177/20563051211063463",7,2
"10.1177/20563051211063470",1,1
"10.1177/20563051211052906",24,5
"10.1177/20563051211068130",60,2
"10.1177/20563051211063843",4,1
"10.1177/20563051211064906",2,4
"10.1177/20563051211063465",1,5
"10.1177/20563051211062921",NA,2
"10.1177/20563051211062919",23,1
"10.1177/20563051211063464",NA,2
"10.1177/20563051211063462",82,3
"10.1177/20563051211063460",2,3
"10.1177/20563051211062917",5,2
"10.1177/20563051211062915",2,3
"10.1177/20563051211062920",NA,3
"10.1177/20563051211059261",7,1
"10.1177/20563051211059710",26,2
"10.1177/20563051211059704",8,2
"10.1177/20563051211055439",NA,2
"10.1177/20563051211055442",1,8
"10.1177/20563051211055438",20,1
"10.1177/20563051211052897",NA,2
"10.1177/20563051211052907",NA,2
"10.1177/20563051211052905",NA,7
"10.1177/20563051211049246",NA,3
"10.1177/20563051211048413",1,7
"10.1177/20563051211047667",9,2
"10.1177/20563051211047876",2,5
"10.1177/20563051211047875",NA,1
"10.1177/20563051211047545",1,2
"10.1177/20563051211041643",NA,1
"10.1177/20563051211043906",2,3
"10.1177/20563051211038262",NA,2
"10.1177/20563051211033820",4,3
"10.1177/20563051211044233",66,6
"10.1177/20563051211044239",NA,1
"10.1177/20563051211043218",10,3
"10.1177/20563051211041650",10,1
"10.1177/20563051211043212",4,3
"10.1177/20563051211041648",NA,2
"10.1177/20563051211042396",14,1
"10.1177/20563051211042397",NA,2
"10.1177/20563051211042400",2,4
"10.1177/20563051211041644",NA,2
"10.1177/20563051211041649",41,3
"10.1177/20563051211041646",30,2
"10.1177/20563051211035692",2,4
"10.1177/20563051211036939",81,4
"10.1177/20563051211038236",23,1
"10.1177/20563051211038306",NA,3
"10.1177/20563051211036064",44,1
"10.1177/20563051211036385",29,1
"10.1177/20563051211036940",51,2
"10.1177/20563051211035698",5,2
"10.1177/20563051211035350",NA,3
"10.1177/20563051211035357",NA,3
"10.1177/20563051211036059",14,3
"10.1177/20563051211035694",2,3
"10.1177/20563051211035352",NA,2
"10.1177/20563051211035356",4,4
"10.1177/20563051211035697",NA,3
"10.1177/20563051211035353",7,10
"10.1177/20563051211033810",4,2
"10.1177/20563051211033824",23,3
"10.1177/20563051211033823",61,5
"10.1177/20563051211033817",NA,1
"10.1177/20563051211033809",1,2
"10.1177/20563051211033821",NA,7
"10.1177/20563051211033815",NA,6
"10.1177/20563051211033808",1,3
"10.1177/20563051211032138",NA,2
"10.1177/20563051211030500",NA,1
"10.1177/20563051211027202",41,4
"10.1177/20563051211019715",1,4
"10.1177/20563051211025511",9,2
"10.1177/20563051211024960",6,5
"10.1177/20563051211024961",6,5
"10.1177/20563051211024958",4,3
"10.1177/20563051211024957",50,5
"10.1177/20563051211024977",51,4
"10.1177/20563051211024966",7,3
"10.1177/20563051211024963",123,3
"10.1177/20563051211027213",3,2
"10.1177/20563051211025514",2,1
"10.1177/20563051211024962",1,5
"10.1177/20563051211021382",146,3
"10.1177/20563051211021378",760,1
"10.1177/20563051211021368",151,4
"10.1177/20563051211021367",7,2
"10.1177/20563051211019013",5,6
"10.1177/20563051211019004",NA,5
"10.1177/20563051211019003",2,3
"10.1177/20563051211017492",28,1
"10.1177/20563051211017482",292,3
"10.1177/20563051211013253",3,1
"10.1177/2056305121999656",39,3
"10.1177/20563051211012365",1,1
"10.1177/20563051211012344",33,4
"10.1177/20563051211010170",NA,2
"10.1177/20563051211010169",NA,1
"10.1177/20563051211010167",1,2
"10.1177/20563051211009073",8,2
"10.1177/20563051211009014",NA,2
"10.1177/20563051211009013",NA,3
"10.1177/20563051211008831",15,1
"10.1177/20563051211008829",26,2
"10.1177/20563051211008828",77,1
"10.1177/20563051211008827",11,1
"10.1177/20563051211008822",207,2
"10.1177/20563051211008821",159,2
"10.1177/20563051211008816",NA,2
"10.1177/20563051211008817",382,20
"10.1177/20563051211003066",151,1
"10.1177/2056305121999661",11,2
"10.1177/2056305121999660",23,2
"10.1177/2056305121995788",10,2
"10.1177/2056305120984455",10,1
"10.1177/2056305120984449",11,2
"10.1177/2056305120984444",11,1
"10.1177/2056305121993765",NA,3
"10.1177/2056305121990632",NA,2
"10.1177/2056305121990643",28,2
"10.1177/2056305121990637",NA,2
"10.1177/2056305121990635",10,3
"10.1177/2056305121989253",1,2
"10.1177/2056305121988931",129,5
"10.1177/2056305121988928",103,2
"10.1177/2056305120984472",8,3
"10.1177/2056305120984462",NA,2
"10.1177/2056305120984458",14,1
"10.1177/2056305120984456",11,2
"10.1177/2056305120984454",NA,1
"10.1177/2056305120984447",4,2
"10.1177/2056305120984446",3,1
"10.1177/2056305120981053",14,3
"10.1177/2056305121988932",20,3
"10.1177/2056305121988930",NA,3
"10.1177/2056305121988929",32,1
"10.1177/2056305120984445",25,3
"10.1177/2056305120984475",22,4
"10.1177/2056305120984477",23,2
"10.1177/2056305120984468",NA,2
"10.1177/2056305120984461",1,3
"10.1177/2056305120984459",27,1
"10.1177/2056305120984453",8,2
"10.1177/2056305120984452",38,3
"10.1177/2056305120981059",10,1
"10.1177/2056305120981044",3,1
"10.1177/2056305120984476",NA,2
"10.1177/2056305120981047",263,1
"10.1177/2056305120981039",37,1
"10.1177/2056305120978968",2,1
"10.1177/2056305120981057",89,2
"10.1177/2056305120978364",26,4
"10.1177/2056305120978366",7,1
"10.1177/2056305120975713",11,1
"10.1177/2056305120978377",16,3
"10.1177/2056305120978376",NA,3
"10.1177/2056305120978369",31,3
"10.1177/2056305120975716",60,5
"10.1177/2056305120974610",2,4
"10.1177/2056305120961784",5,3
"10.1177/2056305120972037",21,3
"10.1177/2056305120969914",NA,2
"10.1177/2056305120969912",24,3
"10.1177/2056305120971632",44,2
"10.1177/2056305120969891",19,2
"10.1177/2056305120969877",NA,1
"10.1177/2056305120955182",10,2
"10.1177/2056305120965209",NA,3
"10.1177/2056305120963832",42,1
"10.1177/2056305120963824",15,1
"10.1177/2056305120961783",39,1
"10.1177/2056305120965517",1,2
"10.1177/2056305120965155",NA,1
"10.1177/2056305120965152",10,3
"10.1177/2056305120963760",4,4
"10.1177/2056305120965518",4,4
"10.1177/2056305120955176",NA,6
"10.1177/2056305120957290",13,4
"10.1177/2056305120955173",1,2
"10.1177/2056305120954672",5,2
"10.1177/2056305120940694",NA,1
"10.1177/2056305120948255",185,6
"10.1177/2056305120940799",7,1
"10.1177/2056305120940698",5,2
"10.1177/2056305120940697",29,3
"10.1177/2056305120940803",3,2
"10.1177/2056305120939264",30,6
"10.1177/2056305120942879",46,3
"10.1177/2056305120933301",24,4
"10.1177/2056305120948236",10,1
"10.1177/2056305120943273",NA,3
"10.1177/2056305120940802",8,3
"10.1177/2056305120940691",9,2
"10.1177/2056305120948196",18,7
"10.1177/2056305120947658",9,2
"10.1177/2056305120944624",76,2
"10.1177/2056305120944393",22,3
"10.1177/2056305120930413",34,3
"10.1177/2056305120948162",NA,2
"10.1177/2056305120942888",295,4
"10.1177/2056305120948197",2,1
"10.1177/2056305120948258",14,6
"10.1177/2056305120948186",NA,1
"10.1177/2056305120948233",94,2
"10.1177/2056305120948158",10,2
"10.1177/2056305120947657",131,1
"10.1177/2056305120949268",NA,2
"10.1177/2056305120948224",43,1
"10.1177/2056305120947661",22,1
"10.1177/2056305120947663",NA,2
"10.1177/2056305120948168",11,1
"10.1177/2056305120948232",NA,1
"10.1177/2056305120940703",NA,2
"10.1177/2056305120940701",3,1
"10.1177/2056305120940690",NA,1
"10.1177/2056305120948257",NA,2
"10.1177/2056305120948254",6,2
"10.1177/2056305120948251",NA,2
"10.1177/2056305120948250",15,2
"10.1177/2056305120948223",123,2
"10.1177/2056305120948190",19,1
"10.1177/2056305120939248",NA,2
"10.1177/2056305120942886",7,2
"10.1177/2056305120933981",54,1
"10.1177/2056305120937309",27,2
"10.1177/2056305120933299",9,2
"10.1177/2056305120928514",55,2
"10.1177/2056305120926639",599,2
"10.1177/2056305120937318",6,1
"10.1177/2056305120912488",504,2
"10.1177/2056305120916841",NA,2
"10.1177/2056305120912475",58,7
"10.1177/2056305120936636",211,2
"10.1177/2056305120919926",2,4
"10.1177/2056305120935102",420,3
"10.1177/2056305120926644",12,1
"10.1177/2056305120926484",NA,2
"10.1177/2056305120924758",4,2
"10.1177/2056305120933289",46,2
"10.1177/2056305120928512",76,1
"10.1177/2056305120926630",NA,1
"10.1177/2056305120913883",NA,2
"10.1177/2056305120933293",17,3
"10.1177/2056305120924772",NA,1
"10.1177/2056305120916853",3,2
"10.1177/2056305120933285",NA,1
"10.1177/2056305120926622",468,2
"10.1177/2056305120933291",24,1
"10.1177/2056305120928506",3,1
"10.1177/2056305120924778",5,3
"10.1177/2056305120924771",1,4
"10.1177/2056305120924760",1,3
"10.1177/2056305120923003",14,2
"10.1177/2056305120916850",47,5
"10.1177/2056305120928513",1,1
"10.1177/2056305120926620",4,1
"10.1177/2056305120926487",NA,1
"10.1177/2056305120924779",NA,2
"10.1177/2056305120924777",6,1
"10.1177/2056305120928478",4,2
"10.1177/2056305120924785",2,1
"10.1177/2056305120928458",6,1
"10.1177/2056305120928488",96,3
"10.1177/2056305120930412",NA,4
"10.1177/2056305120928485",NA,2
"10.1177/2056305120926495",60,3
"10.1177/2056305120925261",13,2
"10.1177/2056305120919382",NA,3
"10.1177/2056305120913990",12,3
"10.1177/2056305120921366",NA,3
"10.1177/2056305119898778",3,4
"10.1177/2056305120921575",NA,3
"10.1177/2056305120913885",NA,3
"10.1177/2056305120919105",215,3
"10.1177/2056305120915587",14,3
"10.1177/2056305120913983",81,3
"10.1177/2056305120915613",52,2
"10.1177/2056305120915618",29,3
"10.1177/2056305120915606",16,1
"10.1177/2056305120915588",7,4
"10.1177/2056305120913877",13,5
"10.1177/2056305120915612",17,2
"10.1177/2056305120913993",47,4
"10.1177/2056305120910144",16,1
"10.1177/2056305120904706",3,2
"10.1177/2056305120909474",7,4
"10.1177/2056305119897322",NA,1
"10.1177/2056305120913887",NA,1
"10.1177/2056305120903408",397,2
"10.1177/2056305120905366",43,4
"10.1177/2056305120913995",2,6
"10.1177/2056305120909473",NA,3
"10.1177/2056305120907945",22,1
"10.1177/2056305120903856",19,4
"10.1177/2056305119899008",42,1
"10.1177/2056305120914009",12,2
"10.1177/2056305120913979",NA,2
"10.1177/2056305120913909",NA,1
"10.1177/2056305120904708",NA,3
"10.1177/2056305120913994",5,2
"10.1177/2056305120913884",4,1
"10.1177/2056305120912481",47,3
"10.1177/2056305120905365",NA,1
"10.1177/2056305119897321",10,2
"10.1177/2056305120907949",NA,1
"10.1177/2056305119900337",7,1
"10.1177/2056305119886025",417,6
"10.1177/2056305119897320",NA,2
"10.1177/2056305120905644",NA,1
"10.1177/2056305119898776",27,2
"10.1177/2056305120903441",119,2
"10.1177/2056305119898777",NA,5
"10.1177/2056305119898779",NA,2
"10.1177/2056305119897323",86,1
"10.1177/2056305119897319",3,2
"10.1177/14614448251317693",NA,3
"10.1177/14614448251314869",NA,3
"10.1177/14614448251315128",21,2
"10.1177/14614448251314448",3,1
"10.1177/14614448241311338",NA,1
"10.1177/14614448241279250",NA,2
"10.1177/14614448241268995",NA,3
"10.1177/14614448241278709",7,1
"10.1177/14614448241313328",NA,3
"10.1177/14614448241313180",4,5
"10.1177/14614448241304657",1,3
"10.1177/14614448241312900",10,5
"10.1177/14614448241312525",NA,5
"10.1177/14614448241312191",23,6
"10.1177/14614448241310901",1,3
"10.1177/14614448241310249",2,3
"10.1177/14614448241310247",3,3
"10.1177/14614448241310497",NA,3
"10.1177/14614448241306455",2,3
"10.1177/14614448241307036",NA,3
"10.1177/14614448241308520",9,1
"10.1177/14614448241307035",1,7
"10.1177/14614448241308521",NA,6
"10.1177/14614448241307931",NA,5
"10.1177/14614448241305420",8,3
"10.1177/14614448241307578",NA,1
"10.1177/14614448241302319",NA,1
"10.1177/14614448241304106",127,1
"10.1177/14614448241303114",5,3
"10.1177/14614448241304658",NA,2
"10.1177/14614448241303999",18,4
"10.1177/14614448241303465",3,1
"10.1177/14614448241304660",1,1
"10.1177/14614448241303776",NA,2
"10.1177/14614448241303113",NA,3
"10.1177/14614448241302467",NA,1
"10.1177/14614448241302312",14,3
"10.1177/14614448241301741",NA,3
"10.1177/14614448241302429",NA,1
"10.1177/14614448241302311",NA,3
"10.1177/14614448241302409",10,3
"10.1177/14614448241295721",2,4
"10.1177/14614448241295718",14,3
"10.1177/14614448241294014",6,1
"10.1177/14614448241298237",NA,3
"10.1177/14614448241293143",NA,1
"10.1177/14614448241292740",NA,3
"10.1177/14614448241295304",NA,2
"10.1177/14614448241293409",5,3
"10.1177/14614448241287729",NA,3
"10.1177/14614448241293154",NA,4
"10.1177/14614448241291137",13,3
"10.1177/14614448241287763",6,4
"10.1177/14614448241291990",NA,3
"10.1177/14614448241291987",NA,3
"10.1177/14614448241290234",NA,1
"10.1177/14614448241289905",12,4
"10.1177/14614448241288159",NA,3
"10.1177/14614448241287913",NA,2
"10.1177/14614448241287831",2,1
"10.1177/14614448241286144",NA,1
"10.1177/14614448241285562",16,10
"10.1177/14614448241288482",1,3
"10.1177/14614448241286881",6,2
"10.1177/14614448241286788",21,3
"10.1177/14614448241285443",NA,1
"10.1177/14614448241287510",NA,2
"10.1177/14614448241285445",8,3
"10.1177/14614448241274469",2,3
"10.1177/14614448241284612",1,2
"10.1177/14614448241284413",68,2
"10.1177/14614448241270542",NA,4
"10.1177/14614448241283943",NA,4
"10.1177/14614448241281827",132,2
"10.1177/14614448241282604",3,2
"10.1177/14614448241279034",2,4
"10.1177/14614448241278344",NA,1
"10.1177/14614448241278674",19,4
"10.1177/14614448241276382",NA,1
"10.1177/14614448241277193",1,1
"10.1177/14614448241274457",NA,2
"10.1177/14614448241274777",2,2
"10.1177/14614448241265655",3,2
"10.1177/14614448241251804",33,2
"10.1177/14614448241251802",9,1
"10.1177/14614448241251801",NA,2
"10.1177/14614448241251800",1,1
"10.1177/14614448241251798",13,1
"10.1177/14614448241251797",1,2
"10.1177/14614448241251796",1,5
"10.1177/14614448241251794",4,2
"10.1177/14614448241251793",NA,2
"10.1177/14614448241251791",14,2
"10.1177/14614448241251789",13,2
"10.1177/14614448241272201",16,4
"10.1177/14614448241270541",NA,2
"10.1177/14614448241274456",4,1
"10.1177/14614448241270470",NA,4
"10.1177/14614448241270412",NA,1
"10.1177/14614448241270406",4,5
"10.1177/14614448241270446",NA,1
"10.1177/14614448241270434",2,1
"10.1177/14614448241267731",NA,5
"10.1177/14614448241268896",3,1
"10.1177/14614448241266770",4,2
"10.1177/14614448241263757",2,4
"10.1177/14614448241266769",NA,2
"10.1177/14614448241260591",NA,2
"10.1177/14614448241259028",1,4
"10.1177/14614448241267004",1,3
"10.1177/14614448241266984",NA,1
"10.1177/14614448241266782",40,1
"10.1177/14614448241265513",NA,2
"10.1177/14614448241264450",NA,2
"10.1177/14614448241263765",8,6
"10.1177/14614448241263933",14,2
"10.1177/14614448241262988",2,3
"10.1177/14614448241262809",NA,4
"10.1177/14614448241262808",1,4
"10.1177/14614448241262805",1,1
"10.1177/14614448241262417",1,2
"10.1177/14614448241262415",8,3
"10.1177/14614448241261945",1,3
"10.1177/14614448241262984",NA,1
"10.1177/14614448241262806",NA,3
"10.1177/14614448241258704",2,5
"10.1177/14614448241255379",1,5
"10.1177/14614448241259715",NA,3
"10.1177/14614448241252591",1,4
"10.1177/14614448241259149",NA,4
"10.1177/14614448241257216",NA,1
"10.1177/14614448241256899",12,4
"10.1177/14614448241255562",NA,2
"10.1177/14614448241254126",NA,3
"10.1177/14614448241253770",46,1
"10.1177/14614448241253764",300,2
"10.1177/14614448241255955",9,1
"10.1177/14614448241254028",NA,8
"10.1177/14614448241254015",3,4
"10.1177/14614448241255692",4,1
"10.1177/14614448241252594",NA,4
"10.1177/14614448241253138",10,2
"10.1177/14614448241252919",8,7
"10.1177/14614448241253766",4,1
"10.1177/14614448241252820",NA,5
"10.1177/14614448241252392",4,1
"10.1177/14614448241252391",NA,5
"10.1177/14614448241250302",32,4
"10.1177/14614448241249371",22,2
"10.1177/14614448241248139",NA,2
"10.1177/14614448241252593",24,4
"10.1177/14614448241247822",111,3
"10.1177/14614448241248655",NA,1
"10.1177/14614448241250029",17,1
"10.1177/14614448241247313",NA,2
"10.1177/14614448241250033",NA,2
"10.1177/14614448241249134",6,2
"10.1177/14614448241245349",1,2
"10.1177/14614448241244735",16,1
"10.1177/14614448241248372",14,4
"10.1177/14614448241247314",1,2
"10.1177/14614448241247209",NA,8
"10.1177/14614448241247214",NA,2
"10.1177/14614448241243099",NA,2
"10.1177/14614448241243094",12,1
"10.1177/14614448241245421",NA,1
"10.1177/14614448241243352",NA,2
"10.1177/14614448241243096",NA,1
"10.1177/14614448241243098",26,5
"10.1177/14614448241243097",7,1
"10.1177/14614448241243095",2,2
"10.1177/14614448241237764",NA,1
"10.1177/14614448241237496",8,3
"10.1177/14614448241240046",NA,1
"10.1177/14614448241239579",NA,2
"10.1177/14614448241237765",NA,3
"10.1177/14614448241238396",43,3
"10.1177/14614448241238395",6,1
"10.1177/14614448241236712",4,3
"10.1177/14614448241234040",3,3
"10.1177/14614448241236853",NA,3
"10.1177/14614448241236707",13,1
"10.1177/14614448241235904",NA,4
"10.1177/14614448241237489",11,1
"10.1177/14614448241236852",NA,2
"10.1177/14614448241236709",NA,2
"10.1177/14614448241235914",18,2
"10.1177/14614448241237487",6,2
"10.1177/14614448241235935",NA,4
"10.1177/14614448241235638",NA,2
"10.1177/14614448241234916",12,8
"10.1177/14614448231224031",NA,3
"10.1177/14614448241234941",NA,4
"10.1177/14614448241232065",19,5
"10.1177/14614448241234864",NA,1
"10.1177/14614448241232589",8,4
"10.1177/14614448241235192",NA,1
"10.1177/14614448241235188",1,1
"10.1177/14614448241236756",2,1
"10.1177/14614448241232296",NA,3
"10.1177/14614448241232086",NA,2
"10.1177/14614448241231223",NA,1
"10.1177/14614448241227841",4,3
"10.1177/14614448241232345",NA,5
"10.1177/14614448241232144",42,3
"10.1177/14614448231202137",7,3
"10.1177/14614448231201651",NA,3
"10.1177/14614448231201650",NA,2
"10.1177/14614448231201649",NA,2
"10.1177/14614448231201648",12,3
"10.1177/14614448231201647",7,1
"10.1177/14614448231201646",NA,3
"10.1177/14614448231201644",8,2
"10.1177/14614448231201641",NA,1
"10.1177/14614448231201638",11,5
"10.1177/14614448231201637",3,2
"10.1177/14614448241232143",3,1
"10.1177/14614448241230461",NA,4
"10.1177/14614448241232079",8,4
"10.1177/14614448241232067",2,4
"10.1177/14614448241230923",3,4
"10.1177/14614448241229424",NA,2
"10.1177/14614448241229175",2,1
"10.1177/14614448241229156",33,4
"10.1177/14614448241228809",1,2
"10.1177/14614448241229048",8,2
"10.1177/14614448241227856",7,2
"10.1177/14614448241228544",118,1
"10.1177/14614448241229406",NA,1
"10.1177/14614448241228851",94,4
"10.1177/14614448241227842",1,2
"10.1177/14614448241228850",6,4
"10.1177/14614448241227851",5,4
"10.1177/14614448241227967",12,3
"10.1177/14614448241227843",2,2
"10.1177/14614448231226213",3,2
"10.1177/14614448231226172",3,3
"10.1177/14614448231223732",19,5
"10.1177/14614448231218992",46,4
"10.1177/14614448231226400",NA,11
"10.1177/14614448231223517",NA,3
"10.1177/14614448231222558",169,3
"10.1177/14614448231222249",3,4
"10.1177/14614448231220856",NA,2
"10.1177/14614448231220919",NA,1
"10.1177/14614448231223419",40,4
"10.1177/14614448231222944",1,1
"10.1177/14614448231221238",NA,1
"10.1177/14614448231220346",NA,3
"10.1177/14614448231220383",NA,3
"10.1177/14614448231220589",NA,1
"10.1177/14614448231218991",102,2
"10.1177/14614448231218989",33,3
"10.1177/14614448231220362",6,2
"10.1177/14614448231217994",5,3
"10.1177/14614448231217993",57,2
"10.1177/14614448231217428",4,2
"10.1177/14614448231217425",12,7
"10.1177/14614448231213944",NA,2
"10.1177/14614448231215735",1,4
"10.1177/14614448231215483",8,4
"10.1177/14614448231215348",NA,6
"10.1177/14614448231212822",1,3
"10.1177/14614448231215486",NA,2
"10.1177/14614448231214811",30,3
"10.1177/14614448231214149",6,6
"10.1177/14614448231213942",35,2
"10.1177/14614448231209475",NA,4
"10.1177/14614448231213954",NA,3
"10.1177/14614448231213624",NA,3
"10.1177/14614448231213267",9,4
"10.1177/14614448231208122",2,7
"10.1177/14614448231212804",8,4
"10.1177/14614448231209946",7,5
"10.1177/14614448231207783",9,6
"10.1177/14614448231164408",7,3
"10.1177/14614448231158387",27,2
"10.1177/14614448231207101",NA,1
"10.1177/14614448231210268",NA,2
"10.1177/14614448231208920",43,2
"10.1177/14614448231204020",NA,1
"10.1177/14614448231208707",36,2
"10.1177/14614448231207644",NA,1
"10.1177/14614448231207784",NA,4
"10.1177/14614448231206466",NA,3
"10.1177/14614448231206458",58,3
"10.1177/14614448231205893",100,3
"10.1177/14614448231205892",NA,4
"10.1177/14614448231202477",NA,1
"10.1177/14614448231207100",4,1
"10.1177/14614448231206118",NA,1
"10.1177/14614448231205889",NA,1
"10.1177/14614448231203617",NA,4
"10.1177/14614448231206090",32,1
"10.1177/14614448231203310",9,3
"10.1177/14614448231202480",NA,4
"10.1177/14614448231203695",1,2
"10.1177/14614448231203309",3,1
"10.1177/14614448231200870",NA,4
"10.1177/14614448231203616",8,1
"10.1177/14614448231199247",NA,2
"10.1177/14614448231200877",NA,1
"10.1177/14614448231200248",NA,2
"10.1177/14614448231199396",6,2
"10.1177/14614448231198790",1,2
"10.1177/14614448231196863",31,3
"10.1177/14614448231199664",NA,7
"10.1177/14614448231198169",41,1
"10.1177/14614448231197640",NA,4
"10.1177/14614448231196579",7,3
"10.1177/14614448231197370",12,2
"10.1177/14614448231196580",9,3
"10.1177/14614448231193709",NA,5
"10.1177/14614448231193982",1,1
"10.1177/14614448231192964",NA,2
"10.1177/14614448231193093",23,4
"10.1177/14614448231192966",4,3
"10.1177/14614448231191542",NA,4
"10.1177/14614448231190907",NA,2
"10.1177/14614448231193092",NA,3
"10.1177/14614448231193091",NA,5
"10.1177/14614448231191776",4,2
"10.1177/14614448231191142",NA,2
"10.1177/14614448231191138",NA,2
"10.1177/14614448231191137",3,1
"10.1177/14614448231190905",NA,1
"10.1177/14614448231189801",2,2
"10.1177/14614448231186800",6,3
"10.1177/14614448231188935",6,4
"10.1177/14614448231190901",7,3
"10.1177/14614448231189856",NA,4
"10.1177/14614448231189800",2,2
"10.1177/14614448231168107",3,1
"10.1177/14614448231187529",6,6
"10.1177/14614448231189476",18,3
"10.1177/14614448231189262",1,1
"10.1177/14614448231189260",4,2
"10.1177/14614448231188971",NA,2
"10.1177/14614448231187032",NA,2
"10.1177/14614448231183617",54,6
"10.1177/14614448231188929",31,2
"10.1177/14614448231187823",6,6
"10.1177/14614448231187352",1,1
"10.1177/14614448231185764",12,3
"10.1177/14614448231187820",NA,3
"10.1177/14614448231186061",2,1
"10.1177/14614448231185595",NA,2
"10.1177/14614448231187031",5,1
"10.1177/14614448231184868",65,3
"10.1177/14614448231174525",NA,1
"10.1177/14614448231174524",NA,1
"10.1177/14614448231174523",6,1
"10.1177/14614448231174522",6,2
"10.1177/14614448231174521",NA,1
"10.1177/14614448231174520",4,2
"10.1177/14614448231174519",NA,1
"10.1177/14614448231183942",8,2
"10.1177/14614448231183704",10,4
"10.1177/14614448231183703",1,4
"10.1177/14614448231184249",13,3
"10.1177/14614448231184633",8,1
"10.1177/14614448231180257",2,3
"10.1177/14614448231182620",2,3
"10.1177/14614448231182662",9,2
"10.1177/14614448231182617",1,3
"10.1177/14614448231181620",1,2
"10.1177/14614448231179941",46,1
"10.1177/14614448231180654",3,1
"10.1177/14614448231176765",NA,2
"10.1177/14614448231178775",NA,3
"10.1177/14614448231178316",NA,3
"10.1177/14614448231176769",10,3
"10.1177/14614448231176552",22,1
"10.1177/14614448231176777",105,5
"10.1177/14614448231176758",2,2
"10.1177/14614448231176551",17,2
"10.1177/14614448231176519",13,3
"10.1177/14614448231177966",1,3
"10.1177/14614448231177301",6,3
"10.1177/14614448231174420",104,1
"10.1177/14614448231164409",61,4
"10.1177/14614448231173882",2,3
"10.1177/14614448231174224",23,2
"10.1177/14614448231172966",5,3
"10.1177/14614448231172168",NA,3
"10.1177/14614448231174518",NA,1
"10.1177/14614448231173328",NA,2
"10.1177/14614448231172967",23,1
"10.1177/14614448231169697",19,3
"10.1177/14614448231173657",NA,1
"10.1177/14614448231173121",5,1
"10.1177/14614448231172963",21,3
"10.1177/14614448231170814",1,2
"10.1177/14614448231168572",NA,3
"10.1177/14614448231165902",26,1
"10.1177/14614448231172976",NA,1
"10.1177/14614448231172964",3,3
"10.1177/14614448231172711",NA,4
"10.1177/14614448231170605",2,2
"10.1177/14614448231168566",NA,2
"10.1177/14614448231166896",NA,1
"10.1177/14614448231166056",1,2
"10.1177/14614448231165916",NA,2
"10.1177/14614448231165289",36,3
"10.1177/14614448231166356",1,4
"10.1177/14614448231166057",130,1
"10.1177/14614448231171560",75,5
"10.1177/14614448231164995",12,2
"10.1177/14614448231164934",NA,1
"10.1177/14614448231164638",NA,2
"10.1177/14614448231161598",NA,3
"10.1177/14614448231163284",NA,1
"10.1177/14614448231163228",NA,2
"10.1177/14614448231163231",NA,1
"10.1177/14614448231162585",13,4
"10.1177/14614448231162581",NA,3
"10.1177/14614448231162064",14,1
"10.1177/14614448231158654",NA,2
"10.1177/14614448231158653",NA,11
"10.1177/14614448231158651",15,2
"10.1177/14614448231158649",NA,2
"10.1177/14614448231158648",NA,4
"10.1177/14614448231158646",NA,5
"10.1177/14614448231158645",NA,4
"10.1177/14614448231158644",1,2
"10.1177/14614448231158642",NA,2
"10.1177/14614448231158614",2,2
"10.1177/14614448231161880",329,2
"10.1177/14614448231153959",NA,3
"10.1177/14614448231160706",NA,2
"10.1177/14614448231161512",34,1
"10.1177/14614448231161276",15,2
"10.1177/14614448231160457",79,3
"10.1177/14614448231160132",1,1
"10.1177/14614448231157330",59,3
"10.1177/14614448231160526",270,2
"10.1177/14614448231159350",NA,1
"10.1177/14614448231157640",159,4
"10.1177/14614448231154825",NA,1
"10.1177/14614448231159308",NA,4
"10.1177/14614448231156580",14,3
"10.1177/14614448231156579",NA,5
"10.1177/14614448231155376",3,3
"10.1177/14614448231154926",19,2
"10.1177/14614448231153971",NA,5
"10.1177/14614448231156992",4,1
"10.1177/14614448231154432",NA,3
"10.1177/14614448231153571",3,3
"10.1177/14614448231156852",NA,1
"10.1177/14614448231156131",NA,2
"10.1177/14614448231155624",NA,3
"10.1177/14614448221149942",6,1
"10.1177/14614448221149936",13,1
"10.1177/14614448221149944",NA,2
"10.1177/14614448221149939",20,1
"10.1177/14614448221149948",14,2
"10.1177/14614448221149938",7,1
"10.1177/14614448221149945",2,2
"10.1177/14614448221149946",1,1
"10.1177/14614448221149947",NA,1
"10.1177/14614448221128475",3,4
"10.1177/14614448221127675",NA,1
"10.1177/14614448221125417",1,1
"10.1177/14614448221097894",2,3
"10.1177/14614448231154568",NA,3
"10.1177/14614448231153379",443,2
"10.1177/14614448221150776",11,1
"10.1177/14614448231151436",NA,3
"10.1177/14614448221144989",NA,1
"10.1177/14614448231152546",46,3
"10.1177/14614448221151200",21,1
"10.1177/14614448221148982",3,3
"10.1177/14614448221148980",NA,4
"10.1177/14614448221147661",NA,3
"10.1177/14614448221149641",6,2
"10.1177/14614448221082649",10,3
"10.1177/14614448221144987",8,1
"10.1177/14614448221150775",11,7
"10.1177/14614448221150439",NA,3
"10.1177/14614448221149909",NA,3
"10.1177/14614448221149906",NA,3
"10.1177/14614448221149747",NA,3
"10.1177/14614448221147284",NA,1
"10.1177/14614448221146716",6,3
"10.1177/14614448221146174",110,4
"10.1177/14614448221146171",NA,3
"10.1177/14614448221145928",13,1
"10.1177/14614448221145728",2,3
"10.1177/14614448221142799",NA,2
"10.1177/14614448221146480",2,1
"10.1177/14614448221142800",96,7
"10.1177/14614448221142534",NA,3
"10.1177/14614448221142310",14,4
"10.1177/14614448221142007",150,5
"10.1177/14614448221141828",NA,2
"10.1177/14614448221143345",3,3
"10.1177/14614448221142822",NA,3
"10.1177/14614448221141705",1,1
"10.1177/14614448221141681",8,2
"10.1177/14614448221141648",74,2
"10.1177/14614448221141645",NA,2
"10.1177/14614448221141086",19,1
"10.1177/14614448221138973",54,3
"10.1177/14614448221138472",6,2
"10.1177/14614448221138529",56,5
"10.1177/14614448221137816",1,3
"10.1177/14614448221137324",25,5
"10.1177/14614448221138768",8,1
"10.1177/14614448221138075",NA,3
"10.1177/14614448221138072",NA,3
"10.1177/14614448221137016",3,3
"10.1177/14614448221136505",16,2
"10.1177/14614448221136508",NA,2
"10.1177/14614448221136082",22,1
"10.1177/14614448221136080",NA,3
"10.1177/14614448221136077",1,3
"10.1177/14614448221135886",NA,2
"10.1177/14614448221135879",NA,2
"10.1177/14614448221135631",9,2
"10.1177/14614448221135187",11,3
"10.1177/14614448221135861",9,3
"10.1177/14614448221135860",NA,6
"10.1177/14614448221135632",9,2
"10.1177/14614448221135159",14,2
"10.1177/14614448221134493",NA,3
"10.1177/14614448221133737",1,3
"10.1177/14614448221133535",2,2
"10.1177/14614448221130476",NA,3
"10.1177/14614448221132241",NA,1
"10.1177/14614448221130955",NA,3
"10.1177/14614448221130474",NA,2
"10.1177/14614448221128523",13,1
"10.1177/14614448221130738",4,4
"10.1177/14614448221130422",21,2
"10.1177/14614448221128827",23,2
"10.1177/14614448221127674",1,2
"10.1177/14614448221127258",4,3
"10.1177/14614448221126168",NA,2
"10.1177/14614448221122203",6,3
"10.1177/14614448221122240",6,1
"10.1177/14614448221122230",NA,1
"10.1177/14614448221122215",1,1
"10.1177/14614448221122214",1,2
"10.1177/14614448221122201",NA,2
"10.1177/14614448221122193",NA,1
"10.1177/14614448221122190",6,1
"10.1177/14614448221122168",6,2
"10.1177/14614448221122144",11,2
"10.1177/14614448221127212",NA,3
"10.1177/14614448221127899",6,3
"10.1177/14614448221127261",20,2
"10.1177/14614448221122186",NA,8
"10.1177/14614448221124085",NA,1
"10.1177/14614448221123279",13,1
"10.1177/14614448221122996",NA,2
"10.1177/14614448221122915",36,2
"10.1177/14614448221122734",NA,4
"10.1177/14614448221122228",NA,2
"10.1177/14614448221122224",23,1
"10.1177/14614448221122252",NA,1
"10.1177/14614448221122220",13,3
"10.1177/14614448221122211",NA,1
"10.1177/14614448221122202",10,4
"10.1177/14614448221122212",NA,2
"10.1177/14614448221122194",NA,4
"10.1177/14614448221122146",28,3
"10.1177/14614448221119785",165,2
"10.1177/14614448221113922",19,2
"10.1177/14614448221116569",2,5
"10.1177/14614448221117994",14,1
"10.1177/14614448221117499",16,1
"10.1177/14614448221116036",15,2
"10.1177/14614448221113923",115,2
"10.1177/14614448221117767",20,6
"10.1177/14614448221117748",12,2
"10.1177/14614448221117484",1,2
"10.1177/14614448221116344",20,2
"10.1177/14614448221114628",3,4
"10.1177/14614448221108108",NA,4
"10.1177/14614448221113007",NA,1
"10.1177/14614448221111009",15,1
"10.1177/14614448221109800",5,3
"10.1177/14614448221109952",NA,1
"10.1177/14614448221108957",58,3
"10.1177/14614448221109804",47,4
"10.1177/14614448221109801",1,1
"10.1177/14614448221109550",NA,1
"10.1177/14614448221108960",12,4
"10.1177/14614448221108112",1,2
"10.1177/14614448221108959",NA,1
"10.1177/14614448221108449",24,1
"10.1177/14614448221104405",56,4
"10.1177/14614448221104209",6,2
"10.1177/14614448221099235",68,2
"10.1177/14614448221099234",28,3
"10.1177/14614448221099233",13,1
"10.1177/14614448221099232",NA,1
"10.1177/14614448221099229",NA,1
"10.1177/14614448221099228",NA,1
"10.1177/14614448221099225",48,6
"10.1177/14614448221099224",17,1
"10.1177/14614448221099223",NA,3
"10.1177/14614448221108451",6,4
"10.1177/14614448221105877",11,2
"10.1177/14614448221105428",51,3
"10.1177/14614448221105847",1,1
"10.1177/14614448221104413",NA,4
"10.1177/14614448221106030",5,2
"10.1177/14614448221104948",NA,1
"10.1177/14614448221104234",2,2
"10.1177/14614448221104233",15,2
"10.1177/14614448221103534",75,2
"10.1177/14614448221103533",9,1
"10.1177/14614448221101783",17,2
"10.1177/14614448221100699",7,5
"10.1177/14614448221099860",10,1
"10.1177/14614448221099180",NA,2
"10.1177/14614448221100802",34,2
"10.1177/14614448221103176",NA,4
"10.1177/14614448221103124",17,3
"10.1177/14614448221102900",38,3
"10.1177/14614448221101163",1,1
"10.1177/14614448221100782",NA,4
"10.1177/14614448221099900",4,2
"10.1177/14614448221099591",36,2
"10.1177/14614448221099187",23,2
"10.1177/14614448221099587",3,1
"10.1177/14614448221099217",12,1
"10.1177/14614448221099170",NA,4
"10.1177/14614448221099173",5,5
"10.1177/14614448221099172",NA,1
"10.1177/14614448221097889",NA,1
"10.1177/14614448221097000",NA,5
"10.1177/14614448221099168",NA,3
"10.1177/14614448221100835",NA,4
"10.1177/14614448221099536",29,2
"10.1177/14614448221098360",6,2
"10.1177/14614448221098042",NA,3
"10.1177/14614448221097946",4,4
"10.1177/14614448221097891",NA,3
"10.1177/14614448221097305",3,2
"10.1177/14614448221096334",23,7
"10.1177/14614448221095437",18,1
"10.1177/14614448221095160",NA,1
"10.1177/14614448221095218",9,2
"10.1177/14614448221096768",1,1
"10.1177/14614448221090916",22,2
"10.1177/14614448221096806",NA,2
"10.1177/14614448211060841",NA,2
"10.1177/14614448221090194",NA,2
"10.1177/14614448221089604",NA,2
"10.1177/14614448221098364",NA,1
"10.1177/14614448221090195",NA,2
"10.1177/14614448221089278",NA,3
"10.1177/14614448221093762",10,19
"10.1177/14614448221093943",18,1
"10.1177/14614448221092006",77,1
"10.1177/14614448221091185",NA,3
"10.1177/14614448221092028",4,1
"10.1177/14614448221090201",28,2
"10.1177/14614448221090474",9,4
"10.1177/14614448221088866",NA,3
"10.1177/14614448221090638",3,1
"10.1177/14614448221088970",2,3
"10.1177/14614448221088274",59,3
"10.1177/14614448221083914",1,2
"10.1177/14614448221079035",30,6
"10.1177/14614448221079037",2,4
"10.1177/14614448221079028",NA,2
"10.1177/14614448221079034",1,1
"10.1177/14614448221079033",NA,2
"10.1177/14614448221079027",1,3
"10.1177/14614448221079032",24,1
"10.1177/14614448221079029",NA,1
"10.1177/14614448221080480",6,1
"10.1177/14614448221082651",70,5
"10.1177/14614448221085559",10,4
"10.1177/14614448221078865",20,5
"10.1177/14614448221086296",NA,1
"10.1177/14614448221083285",NA,2
"10.1177/14614448221079036",17,2
"10.1177/14614448221080481",4,2
"10.1177/14614448221082122",24,4
"10.1177/14614448221079030",41,3
"10.1177/14614448221084655",1,1
"10.1177/14614448221083992",55,3
"10.1177/14614448221083025",22,3
"10.1177/14614448221081802",NA,1
"10.1177/14614448221083903",58,2
"10.1177/14614448221083652",10,1
"10.1177/14614448221081426",10,2
"10.1177/14614448221079631",4,1
"10.1177/14614448221077240",7,3
"10.1177/14614448221081401",NA,1
"10.1177/14614448221077977",NA,6
"10.1177/14614448221077284",5,1
"10.1177/14614448221082082",12,1
"10.1177/14614448221077278",NA,2
"10.1177/14614448221078603",38,1
"10.1177/14614448221080717",NA,1
"10.1177/14614448221080460",NA,1
"10.1177/14614448221079626",NA,5
"10.1177/14614448221078119",9,2
"10.1177/14614448221078604",8,1
"10.1177/14614448211040247",13,1
"10.1177/14614448211040245",NA,1
"10.1177/14614448221075736",29,8
"10.1177/14614448211063190",10,1
"10.1177/14614448211063187",3,1
"10.1177/14614448211063186",NA,1
"10.1177/14614448211063185",2,2
"10.1177/14614448211063184",12,4
"10.1177/14614448211063183",NA,1
"10.1177/14614448211063182",NA,3
"10.1177/14614448211063181",NA,4
"10.1177/14614448211063180",NA,3
"10.1177/14614448211063178",1,2
"10.1177/14614448211063177",11,2
"10.1177/14614448211063174",22,1
"10.1177/14614448211063173",NA,2
"10.1177/14614448221077286",11,4
"10.1177/14614448221078274",NA,1
"10.1177/14614448221077354",5,1
"10.1177/14614448221076155",NA,7
"10.1177/14614448221075774",1,2
"10.1177/14614448221075759",215,3
"10.1177/14614448211072827",NA,1
"10.1177/14614448211072307",2,5
"10.1177/14614448211063621",70,2
"10.1177/14614448211064302",3,1
"10.1177/14614448221075296",7,3
"10.1177/14614448221074705",NA,4
"10.1177/14614448221074648",NA,4
"10.1177/14614448221074049",1,1
"10.1177/14614448211073059",13,3
"10.1177/14614448211072808",99,2
"10.1177/14614448211072257",NA,3
"10.1177/14614448211072201",3,4
"10.1177/14614448221074047",NA,1
"10.1177/14614448211072306",NA,8
"10.1177/14614448211069343",NA,2
"10.1177/14614448211068437",NA,2
"10.1177/14614448211063860",26,3
"10.1177/14614448211059114",7,3
"10.1177/14614448211063466",74,1
"10.1177/14614448211069996",6,2
"10.1177/14614448211068530",28,4
"10.1177/14614448211068104",10,3
"10.1177/14614448211067836",10,1
"10.1177/14614448211063899",23,2
"10.1177/14614448211068937",5,1
"10.1177/14614448211068436",6,1
"10.1177/14614448211067756",NA,1
"10.1177/14614448211067460",8,2
"10.1177/14614448211067462",2,1
"10.1177/14614448211065425",162,3
"10.1177/14614448211065420",1,2
"10.1177/14614448211067259",14,4
"10.1177/14614448211062545",NA,4
"10.1177/14614448211061729",46,3
"10.1177/14614448211059488",9,2
"10.1177/14614448211062548",20,2
"10.1177/14614448211059489",6,2
"10.1177/14614448211062393",10,3
"10.1177/14614448211062164",138,7
"10.1177/14614448211062123",NA,1
"10.1177/14614448211062070",63,3
"10.1177/14614448211061830",2,2
"10.1177/14614448211061829",94,2
"10.1177/14614448211061336",15,3
"10.1177/14614448211059121",NA,5
"10.1177/14614448211059529",9,2
"10.1177/14614448211059117",32,1
"10.1177/14614448211058850",NA,3
"10.1177/14614448211058455",55,1
"10.1177/14614448211058701",11,3
"10.1177/14614448211058468",9,5
"10.1177/14614448211057108",1,2
"10.1177/14614448211057106",34,3
"10.1177/14614448211056863",9,4
"10.1177/14614448211056851",69,1
"10.1177/14614448211055367",NA,2
"10.1177/14614448211055366",6,3
"10.1177/14614448211054778",1,1
"10.1177/14614448211054011",3,1
"10.1177/14614448211047955",NA,1
"10.1177/14614448211047951",19,2
"10.1177/14614448211054830",8,3
"10.1177/14614448211054377",2,2
"10.1177/14614448211054005",2,2
"10.1177/14614448211053559",NA,3
"10.1177/14614448211050928",NA,5
"10.1177/14614448211052893",25,2
"10.1177/14614448211053555",11,1
"10.1177/14614448211051984",NA,3
"10.1177/14614448211051648",NA,2
"10.1177/14614448211050885",NA,2
"10.1177/14614448211049264",8,1
"10.1177/14614448211049459",5,2
"10.1177/14614448211045666",485,19
"10.1177/14614448211048615",NA,2
"10.1177/14614448211047850",6,2
"10.1177/14614448211047845",9,2
"10.1177/14614448211044942",NA,1
"10.1177/14614448211046616",22,2
"10.1177/14614448211045664",NA,4
"10.1177/14614448211045662",79,3
"10.1177/14614448211044393",130,1
"10.1177/14614448211044025",11,2
"10.1177/14614448211043192",62,3
"10.1177/14614448211043189",79,3
"10.1177/14614448211041715",7,3
"10.1177/14614448211032965",33,2
"10.1177/14614448211038902",2,1
"10.1177/14614448211041175",8,2
"10.1177/14614448211040521",NA,2
"10.1177/14614448211041176",NA,3
"10.1177/14614448211017527",3,3
"10.1177/14614448211040266",15,2
"10.1177/14614448211038904",NA,5
"10.1177/14614448211040520",3,2
"10.1177/14614448211039060",NA,7
"10.1177/14614448211039059",1,2
"10.1177/1461444821993133",1,8
"10.1177/1461444821993131",10,2
"10.1177/1461444821993124",NA,4
"10.1177/1461444821993122",16,2
"10.1177/1461444821993121",10,2
"10.1177/1461444821993120",7,3
"10.1177/14614448211038810",1,1
"10.1177/14614448211038761",13,4
"10.1177/14614448211031249",2,3
"10.1177/14614448211038763",2,1
"10.1177/14614448211038762",4,2
"10.1177/14614448211038350",1,1
"10.1177/14614448211039222",8,2
"10.1177/14614448211036405",1,4
"10.1177/14614448211035769",1,2
"10.1177/14614448211036356",2,1
"10.1177/14614448211035121",1,1
"10.1177/14614448211028546",NA,1
"10.1177/14614448211034846",10,3
"10.1177/14614448211034158",4,1
"10.1177/14614448211027961",17,3
"10.1177/14614448211034848",4,1
"10.1177/14614448211034159",NA,9
"10.1177/14614448211032980",2,1
"10.1177/14614448211032969",12,2
"10.1177/14614448211029975",NA,2
"10.1177/14614448211021032",38,1
"10.1177/14614448211033493",NA,2
"10.1177/14614448211033300",42,5
"10.1177/14614448211032310",6,5
"10.1177/14614448211029200",NA,1
"10.1177/14614448211023007",9,6
"10.1177/14614448211015979",NA,2
"10.1177/14614448211015977",1,3
"10.1177/14614448211019322",1,1
"10.1177/14614448211031031",NA,3
"10.1177/14614448211031908",134,2
"10.1177/14614448211029293",57,3
"10.1177/14614448211027175",13,6
"10.1177/14614448211029662",17,2
"10.1177/14614448211027959",NA,4
"10.1177/14614448211027963",NA,2
"10.1177/14614448211027863",1,1
"10.1177/14614448211027393",167,3
"10.1177/14614448211027174",21,2
"10.1177/14614448211022161",19,2
"10.1177/14614448211026618",NA,1
"10.1177/14614448211019688",2,1
"10.1177/14614448211027173",20,3
"10.1177/14614448211026611",NA,2
"10.1177/14614448211026580",10,3
"10.1177/14614448211014841",NA,1
"10.1177/14614448211014823",2,3
"10.1177/14614448211026575",17,4
"10.1177/14614448211024546",79,4
"10.1177/14614448211024142",3,2
"10.1177/14614448211021720",88,2
"10.1177/14614448211018160",NA,2
"10.1177/14614448211027171",NA,3
"10.1177/14614448211026059",NA,2
"10.1177/14614448211024012",2,2
"10.1177/14614448211023772",1457,1
"10.1177/14614448211020691",NA,2
"10.1177/14614448211018609",38,1
"10.1177/14614448211021045",5,4
"10.1177/14614448211022702",4,1
"10.1177/14614448211021071",7,3
"10.1177/14614448211021404",NA,1
"10.1177/14614448211020752",35,3
"10.1177/14614448211020690",56,3
"10.1177/14614448211020754",2,4
"10.1177/14614448211020692",4,1
"10.1177/14614448211019495",NA,5
"10.1177/14614448211018797",NA,2
"10.1177/14614448211019303",12,3
"10.1177/14614448211019300",40,1
"10.1177/14614448211019198",NA,1
"10.1177/14614448211019155",3,5
"10.1177/14614448211018833",NA,2
"10.1177/14614448211017920",NA,5
"10.1177/14614448211016316",16,3
"10.1177/14614448211017887",89,1
"10.1177/14614448211015984",2,2
"10.1177/14614448211009488",NA,2
"10.1177/14614448211018177",6,1
"10.1177/14614448211016885",8,3
"10.1177/14614448211016400",7,4
"10.1177/14614448211015982",3,3
"10.1177/14614448211012791",50,3
"10.1177/14614448211015805",NA,2
"10.1177/14614448211015625",26,1
"10.1177/14614448211015986",NA,3
"10.1177/14614448211015235",6,1
"10.1177/14614448211015978",1,3
"10.1177/14614448211012374",127,4
"10.1177/14614448211014355",5,4
"10.1177/14614448211012794",128,2
"10.1177/14614448211012372",13,6
"10.1177/14614448211014213",21,2
"10.1177/14614448211012377",12,2
"10.1177/14614448211012101",NA,1
"10.1177/14614448211011834",1,3
"10.1177/14614448211011447",NA,1
"10.1177/1461444818821367",2,2
"10.1177/14614448211011452",14,4
"10.1177/14614448211009459",NA,6
"10.1177/14614448211011451",83,4
"10.1177/14614448211010177",1,2
"10.1177/14614448211009504",6,2
"10.1177/1461444821994491",1,2
"10.1177/14614448211009460",4,2
"10.1177/14614448211009246",NA,6
"10.1177/1461444820954352",NA,2
"10.1177/1461444820954203",NA,1
"10.1177/1461444820954201",NA,3
"10.1177/1461444820954198",6,2
"10.1177/1461444820954195",NA,2
"10.1177/1461444820954193",4,2
"10.1177/1461444820954189",3,2
"10.1177/1461444820954186",5,2
"10.1177/1461444820954184",NA,2
"10.1177/1461444820953535",1,2
"10.1177/1461444820953517",NA,3
"10.1177/1461444820953507",NA,2
"10.1177/1461444821998645",6,2
"10.1177/14614448211000650",NA,2
"10.1177/14614448211000666",NA,2
"10.1177/14614448211000314",35,7
"10.1177/14614448211000327",NA,2
"10.1177/1461444821993801",6,1
"10.1177/1461444821999994",5,2
"10.1177/1461444821998346",20,2
"10.1177/1461444821993800",NA,5
"10.1177/1461444821993042",9,3
"10.1177/1461444821999037",14,1
"10.1177/1461444821999032",NA,2
"10.1177/1461444821998705",21,1
"10.1177/1461444821998691",12,3
"10.1177/1461444821995815",4,2
"10.1177/1461444821996715",142,1
"10.1177/1461444821994490",26,3
"10.1177/1461444821995470",1,3
"10.1177/1461444821992701",NA,3
"10.1177/1461444820929324",14,1
"10.1177/1461444820929315",24,1
"10.1177/1461444820929320",21,1
"10.1177/1461444820929576",22,1
"10.1177/1461444820929321",6,2
"10.1177/1461444820929319",5,2
"10.1177/1461444820924623",NA,2
"10.1177/1461444820929317",NA,1
"10.1177/1461444820929316",15,2
"10.1177/1461444820979004",10,1
"10.1177/1461444821991559",13,2
"10.1177/1461444821993048",NA,1
"10.1177/1461444821993038",16,3
"10.1177/1461444820985442",57,6
"10.1177/1461444821989350",53,1
"10.1177/1461444820978640",6,4
"10.1177/1461444820986816",8,4
"10.1177/1461444820984473",192,1
"10.1177/1461444821989972",11,4
"10.1177/1461444821989690",2,1
"10.1177/1461444821989634",16,2
"10.1177/1461444821989352",13,1
"10.1177/1461444821989621",17,3
"10.1177/1461444820986831",NA,1
"10.1177/1461444820986553",39,1
"10.1177/1461444820984457",16,6
"10.1177/1461444820983017",7,1
"10.1177/1461444820983603",64,2
"10.1177/1461444820978999",NA,1
"10.1177/1461444820977209",18,2
"10.1177/1461444820983324",35,2
"10.1177/1461444820975725",NA,1
"10.1177/1461444820961349",3,1
"10.1177/1461444820979708",5,2
"10.1177/1461444820976970",3,1
"10.1177/1461444820981009",34,4
"10.1177/1461444820979280",NA,2
"10.1177/1461444820978293",NA,1
"10.1177/1461444820975723",NA,3
"10.1177/1461444820977197",12,1
"10.1177/1461444820975025",NA,1
"10.1177/1461444820975411",10,2
"10.1177/1461444820977199",16,3
"10.1177/1461444820975416",1,1
"10.1177/1461444820974955",8,2
"10.1177/1461444820969893",539,3
"10.1177/1461444820951925",NA,6
"10.1177/1461444820971786",11,2
"10.1177/1461444820972389",14,2
"10.1177/1461444820972396",5,1
"10.1177/1461444820972392",12,2
"10.1177/1461444820972390",NA,3
"10.1177/1461444820972388",1,1
"10.1177/1461444820971778",3,2
"10.1177/1461444820970180",9,1
"10.1177/1461444820971629",NA,1
"10.1177/1461444820971612",10,3
"10.1177/1461444820966753",1,5
"10.1177/1461444820968907",NA,1
"10.1177/1461444820968212",57,2
"10.1177/1461444820967679",5,2
"10.1177/1461444820964809",3,2
"10.1177/1461444820963795",20,2
"10.1177/1461444820966993",16,10
"10.1177/1461444820966752",9,1
"10.1177/1461444820965879",32,3
"10.1177/1461444820964968",3,3
"10.1177/1461444820963776",NA,2
"10.1177/1461444820965187",75,3
"10.1177/1461444820960074",NA,3
"10.1177/1461444820963777",2,1
"10.1177/1461444820963805",16,2
"10.1177/1461444820962121",151,2
"10.1177/1461444820932868",NA,3
"10.1177/1461444820924632",72,3
"10.1177/1461444820924631",51,5
"10.1177/1461444820924629",NA,4
"10.1177/1461444820924624",8,1
"10.1177/1461444820924622",NA,3
"10.1177/1461444820924619",2,3
"10.1177/1461444820960079",11,4
"10.1177/1461444820959019",NA,1
"10.1177/1461444820962452",2,1
"10.1177/1461444820962109",43,1
"10.1177/1461444820961388",1,1
"10.1177/1461444820960411",366,2
"10.1177/1461444820960068",3,1
"10.1177/1461444820959298",32,6
"10.1177/1461444820960071",10,3
"10.1177/1461444820959296",40,4
"10.1177/1461444820948803",60,2
"10.1177/1461444820959016",2,2
"10.1177/1461444820957257",31,2
"10.1177/1461444820953541",87,1
"10.1177/1461444820958725",49,1
"10.1177/1461444820958719",2,1
"10.1177/1461444820956681",19,3
"10.1177/1461444820954355",NA,2
"10.1177/1461444820958717",14,3
"10.1177/1461444820958123",137,4
"10.1177/1461444820957304",18,4
"10.1177/1461444820957635",NA,1
"10.1177/1461444820956368",21,1
"10.1177/1461444820956341",46,3
"10.1177/1461444820954200",NA,2
"10.1177/1461444820954194",11,3
"10.1177/1461444820956345",110,1
"10.1177/1461444820914865",15,2
"10.1177/1461444820914874",NA,1
"10.1177/1461444820914871",NA,1
"10.1177/1461444820913560",17,1
"10.1177/1461444820913565",25,3
"10.1177/1461444820913561",2,4
"10.1177/1461444820913567",6,2
"10.1177/1461444820914873",15,2
"10.1177/1461444820913555",NA,3
"10.1177/1461444820914869",20,2
"10.1177/1461444820913573",NA,1
"10.1177/1461444820913566",NA,4
"10.1177/1461444820954199",8,3
"10.1177/1461444820952795",95,3
"10.1177/1461444820951609",27,2
"10.1177/1461444820946454",8,3
"10.1177/1461444820948809",NA,3
"10.1177/1461444820943854",NA,2
"10.1177/1461444820946681",1,2
"10.1177/1461444820945317",5,1
"10.1177/1461444820939458",NA,2
"10.1177/1461444820946455",9,2
"10.1177/1461444820912197",5,5
"10.1177/1461444820944851",NA,1
"10.1177/1461444820944846",NA,1
"10.1177/1461444820912534",3,1
"10.1177/1461444820912533",28,3
"10.1177/1461444820912530",44,1
"10.1177/1461444820912532",2,1
"10.1177/1461444820912540",80,2
"10.1177/1461444820912543",NA,1
"10.1177/1461444820912541",10,2
"10.1177/1461444820912531",NA,2
"10.1177/1461444820912536",16,1
"10.1177/1461444820912544",NA,3
"10.1177/1461444820912535",31,1
"10.1177/1461444820943878",914,3
"10.1177/1461444820943849",1,2
"10.1177/1461444820942483",8,1
"10.1177/1461444820934034",43,1
"10.1177/1461444820941381",4,3
"10.1177/1461444820941183",NA,3
"10.1177/1461444820942744",362,4
"10.1177/1461444820941196",7,1
"10.1177/1461444820939445",1,2
"10.1177/1461444820937660",44,2
"10.1177/1461444820934033",NA,5
"10.1177/1461444820941194",28,1
"10.1177/1461444820940293",56,1
"10.1177/1461444820939446",3,1
"10.1177/1461444820933221",22,5
"10.1177/1461444820932556",3,8
"10.1177/1461444820935608",4,3
"10.1177/1461444820939922",26,1
"10.1177/1461444820936292",13,1
"10.1177/1461444820933547",54,2
"10.1177/1461444820929322",23,1
"10.1177/1461444820934032",55,3
"10.1177/1461444820933549",7,2
"10.1177/1461444820933313",11,2
"10.1177/1461444820934096",13,1
"10.1177/1461444820932555",NA,2
"10.1177/1461444820926632",9,1
"10.1177/1461444820933252",25,1
"10.1177/1461444820929678",1,1
"10.1177/1461444820928051",2,3
"10.1177/1461444820931017",3,5
"10.1177/1461444820928059",77,4
"10.1177/1461444820920655",NA,1
"10.1177/1461444820931054",NA,2
"10.1177/1461444820925811",170,2
"10.1177/1461444820931091",21,3
"10.1177/1461444820931024",4,1
"10.1177/1461444820926503",82,3
"10.1177/1461444820926472",61,2
"10.1177/1461444820918549",14,1
"10.1177/1461444820925800",NA,6
"10.1177/1461444820925041",18,4
"10.1177/1461444820923679",36,2
"10.1177/1461444820921938",22,5
"10.1177/1461444820923674",4,3
"10.1177/1461444820920881",25,2
"10.1177/1461444820925457",1,1
"10.1177/1461444820925047",1,1
"10.1177/1461444820925798",NA,3
"10.1177/1461444820921349",NA,2
"10.1177/1461444820919335",2,2
"10.1177/1461444820920876",8,2
"10.1177/1461444820920759",82,1
"10.1177/1461444820921175",1,1
"10.1177/1461444820917905",NA,3
"10.1177/1461444820917353",17,3
"10.1177/1461444820917114",2,2
"10.1177/1461444820910418",56,1
"10.1177/1461444820909517",NA,3
"10.1177/1461444820910416",17,1
"10.1177/1461444820908256",5,2
"10.1177/1461444820905068",1,5
"10.1177/1461444820907023",4,3
"10.1177/1461444820904362",10,5
"10.1177/1461444820905295",NA,2
"10.1177/1461444820905045",1,8
"10.1177/1461444820904697",NA,1
"10.1177/1461444819893991",21,3
"10.1177/1461444819893987",340,6
"10.1177/1461444819893984",NA,7
"10.1177/1461444819893983",NA,3
"10.1177/1461444819893980",NA,2
"10.1177/1461444819893979",6,2
"10.1177/1461444819893978",3,3
"10.1177/1461444820912724",5,1
"10.1177/1461444820913122",56,3
"10.1177/1461444820912722",13,1
"10.1177/1461444820912387",NA,2
"10.1177/1461444820912388",NA,2
"10.1177/1461444820909469",NA,5
"10.1177/1461444820911711",1,1
"10.1177/1461444820910505",NA,1
"10.1177/1461444820907022",14,4
"10.1177/1461444820910124",12,1
"10.1177/1461444820908530",21,3
"10.1177/1461444820908510",NA,3
"10.1177/1461444820903319",11,3
"10.1177/1461444820908606",21,1
"10.1177/1461444820906553",1,2
"10.1177/1461444820907025",14,1
"10.1177/1461444820905531",NA,5
"10.1177/1461444820902449",6,2
"10.1177/1461444820904365",5,4
"10.1177/1461444820902682",77,2
"10.1177/1461444819891699",119,1
"10.1177/1461444820902541",NA,1
"10.1177/1461444820902446",52,1
"10.1177/1461444819899623",64,1
"10.1177/1461444820902104",43,2
"10.1177/1461444819901138",2,2
"10.1177/1461444819900557",161,2
"10.1177/1461444820901847",15,2
"10.1177/1461444820902103",NA,2
"10.1177/1461444819899879",7,2
"10.1177/1461444819899624",9,4
"10.1177/1461444819900508",33,2
"10.1177/1461444819899620",NA,1
"10.1177/1461444819856928",NA,4
"10.1177/1461444819856912",NA,3
"10.1177/1461444819856916",9,2
"10.1177/1461444819856922",3,3
"10.1177/1461444819856926",NA,2
"10.1177/1461444819856914",18,3
"10.1177/1461444819856921",4,1
"10.1177/1461444819856919",NA,1
"10.1177/1461444819856927",NA,1
"10.1177/1461444819856917",5,2
"10.1177/1461444819856909",1,1
"10.1177/1461444819899625",11,1
